{"Unnamed: 0":{"0":"3\uc6d41\uc77c","1":"3\uc6d42\uc77c","2":"3\uc6d43\uc77c","3":"3\uc6d44\uc77c","4":"3\uc6d45\uc77c","5":"3\uc6d46\uc77c","6":"3\uc6d47\uc77c","7":"3\uc6d48\uc77c"},"LJM":{"0":42,"1":45,"2":43,"3":44,"4":41,"5":45,"6":41,"7":47},"YSY":{"0":141,"1":136,"2":148,"3":148,"4":141,"5":145,"6":139,"7":145},"\ucd1d":{"0":183,"1":181,"2":191,"3":192,"4":182,"5":190,"6":180,"7":192},"LJM.1":{"0":22.95081967,"1":24.86187845,"2":22.51308901,"3":22.91666667,"4":22.52747253,"5":23.68421053,"6":22.77777778,"7":24.47916667},"YSY.1":{"0":77.04918033,"1":75.13812155,"2":77.48691099,"3":77.08333333,"4":77.47252747,"5":76.31578947,"6":77.22222222,"7":75.52083333}}