{"Unnamed: 0":{"0":"3\uc6d41\uc77c","1":"3\uc6d42\uc77c","2":"3\uc6d43\uc77c","3":"3\uc6d44\uc77c","4":"3\uc6d45\uc77c","5":"3\uc6d46\uc77c","6":"3\uc6d47\uc77c","7":"3\uc6d48\uc77c"},"LJM":{"0":61,"1":64,"2":62,"3":64,"4":59,"5":65,"6":58,"7":64},"YSY":{"0":122,"1":117,"2":129,"3":128,"4":123,"5":125,"6":122,"7":128},"\ucd1d":{"0":183,"1":181,"2":191,"3":192,"4":182,"5":190,"6":180,"7":192},"LJM.1":{"0":33.33333333,"1":35.35911602,"2":32.46073298,"3":33.33333333,"4":32.41758242,"5":34.21052632,"6":32.22222222,"7":33.33333333},"YSY.1":{"0":66.66666667,"1":64.64088398,"2":67.53926702,"3":66.66666667,"4":67.58241758,"5":65.78947368,"6":67.77777778,"7":66.66666667}}