{"Unnamed: 0":{"0":"3\uc6d41\uc77c","1":"3\uc6d42\uc77c","2":"3\uc6d43\uc77c","3":"3\uc6d44\uc77c","4":"3\uc6d45\uc77c","5":"3\uc6d46\uc77c","6":"3\uc6d47\uc77c","7":"3\uc6d48\uc77c"},"LJM":{"0":1541,"1":1524,"2":1570,"3":1548,"4":1519,"5":1552,"6":1552,"7":1531},"YSY":{"0":322,"1":316,"2":334,"3":328,"4":323,"5":330,"6":330,"7":326},"\ucd1d":{"0":1863,"1":1840,"2":1904,"3":1876,"4":1842,"5":1882,"6":1882,"7":1857},"\ube44\uc728":{"0":82.71604938,"1":82.82608696,"2":82.45798319,"3":82.51599147,"4":82.46471227,"5":82.46546227,"6":82.46546227,"7":82.44480345},"Unnamed: 5":{"0":17.28395062,"1":17.17391304,"2":17.54201681,"3":17.48400853,"4":17.53528773,"5":17.53453773,"6":17.53453773,"7":17.55519655}}