{"Unnamed: 0":{"0":"3\uc6d41\uc77c","1":"3\uc6d42\uc77c","2":"3\uc6d43\uc77c","3":"3\uc6d44\uc77c","4":"3\uc6d45\uc77c","5":"3\uc6d46\uc77c","6":"3\uc6d47\uc77c","7":"3\uc6d48\uc77c"},"LJM":{"0":1561,"1":1543,"2":1591,"3":1570,"4":1540,"5":1574,"6":1574,"7":1553},"YSY":{"0":302,"1":297,"2":313,"3":306,"4":302,"5":308,"6":308,"7":304},"\ucd1d":{"0":1863,"1":1840,"2":1904,"3":1876,"4":1842,"5":1882,"6":1882,"7":1857},"\ube44\uc728":{"0":83.78958669,"1":83.85869565,"2":83.56092437,"3":83.68869936,"4":83.60477742,"5":83.63443146,"6":83.63443146,"7":83.62950996},"Unnamed: 5":{"0":16.21041331,"1":16.14130435,"2":16.43907563,"3":16.31130064,"4":16.39522258,"5":16.36556854,"6":16.36556854,"7":16.37049004}}